DepartmentName,
Accountability,
Achievement Gap,
Advancement & Ext. Affairs,
Alighieri Montessori School,
ASD Human Resources,
ASD Intergvernmtl Relations,
ASD Office of Budget Mangmnt,
ASD Office Of Labor Relation,
ASD Purchasing Division,
Assessing Department,
Asst Superintendent-Network A,
Auditing Department,
Baldwin ELC,
Boston City Council,
Boston Cntr - Youth & Families,
Boston Collaborative High Sch,
Boston Fire Department,
Boston Police Department,
Boston Public Library,
Boston Retirement System,
BPS Adams Elementary,
BPS Adult Education,
BPS Alternative Education,
BPS Alternative Education HS,
BPS Another Course To Colleg,
BPS Athletics,
BPS Bates Elementary,
BPS Beethoven Elementary,
BPS Blackstone Elementary,
BPS Boston Arts Academy,
BPS Boston Comm Leadership Ac,
BPS Boston Evening Academy,
BPS Boston International HS,
BPS Boston Latin,
BPS Boston School Committee,
BPS Bradley Elementary,
BPS Brighton High,
BPS Burke High,
BPS Business Service,
BPS Carter Center,
BPS Central Kitchen Food Ser,
BPS Channing Elementary,
BPS Charlestown High,
BPS Chittick Elementary,
BPS Cl#10 Lee Academy,
BPS Clap Elementary,
BPS Community Academy,
BPS Condon Elementary,
BPS Conley Elementary,
BPS Counseling & Intervtn Ct,
BPS Counseling Service,
BPS Dearborn Middle,
BPS Dever Elementary,
BPS East Boston High,
BPS Edwards Middle,
BPS Ellis Elementary,
BPS English High,
BPS Equity,
BPS Everett Elementary,
BPS Facility Management,
BPS Facility Mgmt/A & R,
BPS Fenway High,
BPS Grew Elementary,
BPS Guild Elementary,
BPS Hale Elementary,
BPS Harvard/Kent Elementary,
BPS Health and Wellness,
BPS Health Service,
BPS Hennigan Elementary,
BPS Higginson Elementary,
BPS High School Renewal,
BPS Holmes Elementary,
BPS Horace Mann,
BPS Human Resource Team,
BPS Irving Middle,
BPS Kenny Elementary,
BPS Labor Relations,
BPS Latin Academy,
BPS Lee Elementary,
BPS Long Term Leave,
BPS Madison Park High,
BPS Manning Elementary,
BPS Mason Elementary,
BPS Mather Elementary,
BPS Mattahunt Elementary,
BPS McCormack Middle,
BPS Mckay Elementary,
BPS McKinley Middle,
BPS Mendell Elementary,
BPS Mozart Elementary,
BPS MPH\Commerce Academy,
BPS MPH\Crafts Academy,
BPS MPH\Health Academy,
BPS Murphy Elementary,
BPS New Mission Pilot,
BPS O'Bryant School,
BPS O'Donnell Elementary,
BPS Office Of Budget Mgmt,
BPS Ohrenberger Elementary,
BPS Orchard Gardens K-8 Pilot,
BPS Otis Elementary,
BPS Perkins Elementary,
BPS Philbrick Elementary,
BPS Quincy Elementary,
BPS Roland Hayes Div of Music,
BPS Russell Elementary,
BPS School Safety Service,
BPS Snowden International Hi,
BPS South Boston High,
BPS South Boston HS - Excel,
BPS Special Education,
BPS Substitute Teachers/Nurs,
BPS Sumner Elementary,
BPS Taylor Elementary,
BPS Timilty Middle,
BPS Transportation,
BPS Trotter Elementary,
BPS Tynan Elementary,
BPS Welcome Services,
BPS Winship Elementary,
BPS Winthrop Elementary,
BTU Pilot,
Career & Technical Ed,
Cemetery Division,
Chief Academic Officer,
Chief Financial Officer,
Chief of Staff,
Chief Operating Officer,
City Clerk,
Comm. for Persons with Disabil,
Communications,
Consumer Affairs & Licensing,
Curley K-8,
Diplomas Plus,
Dorchester Academy,
Dpt of Innovation & Technology,
Dudley St. Neighborhood School,
Early Learning Services,
East Boston EEC,
Edison K-8,
Elderly Commission,
Election Division,
Eliot K-8,
Ellison/Parks EES,
Emergency Management,
English Language Learn,
Enrollment Services,
Environment Department,
Fair Housing & Equity,
Fam & Student Engagemt,
Finance Commission,
Food & Nutrition Svc,
Frederick Pilot Middle,
Gardner Pilot  Academy,
Greater Egleston High,
Green Academy,
"Greenwood, S K-8",
Haley Pilot,
Haynes EEC,
Henderson Elementary,
Hernandez K-8,
Higginson/Lewis K-8,
HPEC: Com Acd Science & Health,
Hurley K-8,
Info & Instr Technology,
Innovation Department,
Inspectional Services Dept,
Institutional Advancemt,
Jackson/Mann K-8,
"Kennedy, EM Health Academy",
"Kennedy, JF Elementary",
"Kennedy, PJ Elementary",
Kilmer K-8,
King K-8,
Law Department,
Legal Advisor,
Lyndon K-8,
Lyon K-8,
Lyon Pilot High 9-12,
Margarita Muniz Academy,
Mattapan Early Elementary,
Mayor's Office,
Mildred Avenue K-8,
Mission Hill K-8,
Neighborhood Development,
Neighborhood Services,
Newcomers Academy,
Office of Admin & Finance,
Office of Arts & Culture,
Office of Economic Development,
Office of New Bostonians,
Office of Streets,
Office of Tourism,
P. A. Shaw Elementary,
Parks Department,
Perry K-8,
Property Management,
Public Facilities Department,
Public Works Department,
Quincy Upper School,
Registry Division,
Research Assess & Eval,
Roosevelt K-8,
Strategy Department,
Student Support Svc,
Superintendent,
Teaching & Learning,
Tech Boston Academy,
Tobin K-8,
Traffic Division,
Transportation-Parking Clerk,
Treasury-Collecting Division,
Treasury-Treasury Division,
Umana Middle,
Unified Student Svc,
"UP ""Unlocking Potential"" Acad",
UP Academy Dorchester,
UP Academy Holland,
Veterans' Services,
Warren/Prescott K-8,
West Roxbury Academy,
West Zone ELC,
Women's Advancement,
Workers Compensation Service,
WREC: Urban Science Academy,
Young Achievers K-8,
Youth Engagement & Employment,