ZIP,Neighborhood
2101,Downtown Boston
2108,Beacon Hill
2109,Markets / Inner Harbor
2110,Financial District / Wharves
2111,Chinatown / Tufts-New England Medical Center
2112,Downtown Boston
2113,North End
2114,West End / Back of the Hill
2115,Fenway / East Fens / Longwood
2116,Back Bay
2117,Downtown Boston
2118,South End
2119,Roxbury
2120,Roxbury Crossing
2121,Roxbury / Grove Hall
2122,Dorchester / Fields Corner
2123,Downtown Boston
2124,Dorchester / Codman Square
2125,Dorchester / Uphams Corner
2126,Mattapan
2127,South Boston
2128,East Boston
2129,Charlestown
2130,Jamaica Plain
2131,Roslindale
2132,West Roxbury
2133,Downtown Boston
2134,Allston
2135,Brighton
2136,Hyde Park
2137,Readville
2138,Cambridge
2139,Cambridge
2140,Cambridge
2141,Cambridge
2142,Cambridge
2143,Somerville
2144,Somerville
2145,Somerville
2163,North Brighton / Cambridge
2196,Downtown Boston
2199,Prudential
2201,Downtown Boston
2205,Downtown Boston
2210,South Boston / Fort Point
2215,Kenmore / Boston University
2216,Downtown Boston
2228,East Boston
2238,Cambridge
2445,Brookline
2446,Brookline
2447,Brookline Village
