LibraryId,Neighborhood,Address,Branch,Zip
1, ,151 Cambridge St,West End,2114
2, ,690 Washington St,Codman Square,2124
3,HYDE PARK,35 Harvard Av,Hyde Park,2136
4,JAMAICA PLAIN,433 Centre St,Connolly,2130
5,ROXBURY,65 Warren St,Dudley,2119
6,COPLEY SQUARE,700 Boylston St,Central,2116
7, ,25 Parmenter St,North End,2113
8, ,685 Tremont St,South End,2118
9,BRIGHTON,300 North Harvard St,Honan-Allston,2134
10, ,40 Academy Hill Rd,Brighton,2135
11, ,419 Faneuil St,Faneuil,2135
12,CHARLESTOWN,179 Main St,Charlestown,2129
13,DORCHESTER,690 Adams St,Adams Street,2122
14, ,1520 Dorchester Av,Fields Corner,2122
15, ,27 Richmond St,Lower Mills,2124
16, ,500 Columbia Rd,Uphams Corner,2125
17,EAST BOSTON,365 Bremen St,East Boston,2128
18, ,12 Sedgwick St,Jamaica Plain,2130
19,MATTAPAN,1350 Blue Hill Avenue,Mattapan,2126
20,ROSLINDALE,4246 Washington St,Roslindale,2131
21, ,2044 Columbus Av,Egleston Square,2119
22, ,41 Geneva Ave,Grove Hall,2121
23, ,1497 Tremont St,Parker Hill,2120
24,WEST ROXBURY,1961 Centre St,West Roxbury,2132
25, SOUTH BOSTON,646 East Broadway,South Boston,2127
27,CHINATOWN,2 Boylston St,Chinatown,2116